class,precision,recall,mAP50,mAP50-95
all,0.48595544795138756,0.28002559476232447,0.28748455637845277,0.14962763910991378
person,0.538306536646177,0.3608166470357283,0.37504408361149044,0.15551535655643708
rider,0.38595314237508593,0.1714495100118948,0.14653606936344055,0.061380624060740976
car,0.6512797372620003,0.6136768601011318,0.6495652849777083,0.37490815677939104
bus,0.4295778286760406,0.3819444444444444,0.35030054105560215,0.26716975436795287
truck,0.49738384184777434,0.3432258064516129,0.36805980642461633,0.24712124209944272
bike,0.3478276327689108,0.18468468468468469,0.17421525304379043,0.07013835343066417
motor,1.0,0.0,0.09233754062141727,0.03410613730233517
traffic light,0.45013718386490825,0.3649851632047478,0.3210871757034935,0.09950804936878235
traffic sign,0.559088576072979,0.37947283168900015,0.39769980898296825,0.18642871713339146
train,0.0,0.0,0.0,0.0
